id,created_utc,title,selftext,full_link
rau2h7,1638864069,"[Daily Discussion] Tuesday, December 7","**Welcome to the /r/xmrtrader daily discussion thread!**\n\n---\n\n**Thread topics include, but are not limited to:**\n\n* General discussion related to the day's events\n* Technical analysis\n* Trading ideas &amp; strategies\n* Questions that do not warrant a separate post\n\n**Thread Guidelines**\n\n* **Be excellent to each other.**\n* Please do not create separate posts for the types of discussion mentioned above outside of the daily thread. **If you do, your post may be removed and/or heavily downvoted.**\n\n* News that may have a big impact on the market may be posted as a separate thread.",https://www.reddit.com/r/xmrtrader/comments/rau2h7/daily_discussion_tuesday_december_7/
raicxz,1638826383,"Monero Observer XMR TA Report - Week 48, 2021",,https://www.reddit.com/r/xmrtrader/comments/raicxz/monero_observer_xmr_ta_report_week_48_2021/
raep06,1638816932,"XMR - Monero Technical Analysis for December 6, 2021 - XMR",,https://www.reddit.com/r/xmrtrader/comments/raep06/xmr_monero_technical_analysis_for_december_6_2021/
ra9pk3,1638804219,Bitcoin ist not a save investment! Here is why:,,https://www.reddit.com/r/xmrtrader/comments/ra9pk3/bitcoin_ist_not_a_save_investment_here_is_why/
ra8etl,1638800612,Yes,,https://www.reddit.com/r/xmrtrader/comments/ra8etl/yes/
ra24i0,1638777858,Anyone willing to sell me some xmr?,[removed],https://www.reddit.com/r/xmrtrader/comments/ra24i0/anyone_willing_to_sell_me_some_xmr/
ra22pq,1638777672,"[Daily Discussion] Monday, December 6","**Welcome to the /r/xmrtrader daily discussion thread!**\n\n---\n\n**Thread topics include, but are not limited to:**\n\n* General discussion related to the day's events\n* Technical analysis\n* Trading ideas &amp; strategies\n* Questions that do not warrant a separate post\n\n**Thread Guidelines**\n\n* **Be excellent to each other.**\n* Please do not create separate posts for the types of discussion mentioned above outside of the daily thread. **If you do, your post may be removed and/or heavily downvoted.**\n\n* News that may have a big impact on the market may be posted as a separate thread.",https://www.reddit.com/r/xmrtrader/comments/ra22pq/daily_discussion_monday_december_6/
r9t56g,1638748633,What will it take for the xmr/btc ratio to recover?,"Xmr/btc ratio has been bearish since 2018. In my opinion, the only chance of recovery is a totally bug free, user friendly and tried and proven dex/atomic swap GUI. \n\nWhat are your thoughts?",https://www.reddit.com/r/xmrtrader/comments/r9t56g/what_will_it_take_for_the_xmrbtc_ratio_to_recover/
r9avb0,1638691270,"[Daily Discussion] Sunday, December 5","**Welcome to the /r/xmrtrader daily discussion thread!**\n\n---\n\n**Thread topics include, but are not limited to:**\n\n* General discussion related to the day's events\n* Technical analysis\n* Trading ideas &amp; strategies\n* Questions that do not warrant a separate post\n\n**Thread Guidelines**\n\n* **Be excellent to each other.**\n* Please do not create separate posts for the types of discussion mentioned above outside of the daily thread. **If you do, your post may be removed and/or heavily downvoted.**\n\n* News that may have a big impact on the market may be posted as a separate thread.",https://www.reddit.com/r/xmrtrader/comments/r9avb0/daily_discussion_sunday_december_5/
r97o2q,1638679101,"XMR - Monero Technical Analysis for December 5, 2021 - XMR",,https://www.reddit.com/r/xmrtrader/comments/r97o2q/xmr_monero_technical_analysis_for_december_5_2021/
r96u7d,1638676323,Ezy is on fire .Re,[removed],https://www.reddit.com/r/xmrtrader/comments/r96u7d/ezy_is_on_fire_re/
r8twos,1638637230,"XMR - Monero Technical Analysis for December 4, 2021 - XMR",,https://www.reddit.com/r/xmrtrader/comments/r8twos/xmr_monero_technical_analysis_for_december_4_2021/
r8r0lu,1638628873,VRFY to the moon,[removed],https://www.reddit.com/r/xmrtrader/comments/r8r0lu/vrfy_to_the_moon/
r8kuh9,1638604877,"[Daily Discussion] Saturday, December 4","**Welcome to the /r/xmrtrader daily discussion thread!**\n\n---\n\n**Thread topics include, but are not limited to:**\n\n* General discussion related to the day's events\n* Technical analysis\n* Trading ideas &amp; strategies\n* Questions that do not warrant a separate post\n\n**Thread Guidelines**\n\n* **Be excellent to each other.**\n* Please do not create separate posts for the types of discussion mentioned above outside of the daily thread. **If you do, your post may be removed and/or heavily downvoted.**\n\n* News that may have a big impact on the market may be posted as a separate thread.",https://www.reddit.com/r/xmrtrader/comments/r8kuh9/daily_discussion_saturday_december_4/
r8kuh4,1638604877,"[Weekly Discussion] Altcoin Saturday – December 04, 2021","Many people respect the arguments and views put forth by the Monero community, and have requested an official place where altcoins can be discussed. This thread is a beta of a weekly Monero community altcoin discussion thread. \n\nIn this thread, sidebar rule #3 only applies to ledger forks. If you have a policy suggestion (rules or structure that you think would be good to add for future Altcoin Saturday threads), send a message to the subreddit moderators, and we will look into integrating it. In the spirit of decentralization, tentative policy changes will be proposed to the community for discussion via a stickied comment.",https://www.reddit.com/r/xmrtrader/comments/r8kuh4/weekly_discussion_altcoin_saturday_december_04/
r8doz0,1638579580,"Join us tomorrow at 11AM-EST for a LIVE morning Monero chat w/ u/DouglasTuman, u/sunchakr &amp; special guest, MikeCustomTech!",[removed],https://www.reddit.com/r/xmrtrader/comments/r8doz0/join_us_tomorrow_at_11amest_for_a_live_morning/
r869lx,1638557668,A truly interoperable blockchain - Libonomy,,https://www.reddit.com/r/xmrtrader/comments/r869lx/a_truly_interoperable_blockchain_libonomy/
r85zo0,1638556905,Decred project lead discussing presumed price suppression of the Decred project centered around Binance and ASIC mining.,,https://www.reddit.com/r/xmrtrader/comments/r85zo0/decred_project_lead_discussing_presumed_price/
r85xv4,1638556769,The HOW TO OCSC DEMO,,https://www.reddit.com/r/xmrtrader/comments/r85xv4/the_how_to_ocsc_demo/
r85n7b,1638555975,Energy Mining Comparison Of Different Blockchains,,https://www.reddit.com/r/xmrtrader/comments/r85n7b/energy_mining_comparison_of_different_blockchains/
r81w61,1638546077,"Crypto values, 4 and a half years ago",,https://www.reddit.com/r/xmrtrader/comments/r81w61/crypto_values_4_and_a_half_years_ago/
r815cd,1638544082,Giving some perspective on crypto rise,4 and a half years ago.,https://www.reddit.com/r/xmrtrader/comments/r815cd/giving_some_perspective_on_crypto_rise/
r8085a,1638541473,"XMR - Monero Technical Analysis for December 3, 2021 - XMR - PRICE UPDATE",,https://www.reddit.com/r/xmrtrader/comments/r8085a/xmr_monero_technical_analysis_for_december_3_2021/
r7u0lp,1638518471,"[Daily Discussion] Friday, December 3","**Welcome to the /r/xmrtrader daily discussion thread!**\n\n---\n\n**Thread topics include, but are not limited to:**\n\n* General discussion related to the day's events\n* Technical analysis\n* Trading ideas &amp; strategies\n* Questions that do not warrant a separate post\n\n**Thread Guidelines**\n\n* **Be excellent to each other.**\n* Please do not create separate posts for the types of discussion mentioned above outside of the daily thread. **If you do, your post may be removed and/or heavily downvoted.**\n\n* News that may have a big impact on the market may be posted as a separate thread.",https://www.reddit.com/r/xmrtrader/comments/r7u0lp/daily_discussion_friday_december_3/
r7l3kv,1638489903,"I created a social media website where you can talk about Crypto, and NFTs in one place. I worked really hard on this and would love to hear your feedback! Should I make an XMR group??",,https://www.reddit.com/r/xmrtrader/comments/r7l3kv/i_created_a_social_media_website_where_you_can/
r7jao0,1638484664,THIS WEEK ON MONERO TALK w/ u/chowbungaman: Vik Sharma of Cake Wallet on being Monero First,"THIS WEEK ON MONERO TALK w/ [u/chowbungaman](https://www.reddit.com/u/chowbungaman/):  Vik Sharma of Cake Wallet on being Monero First\n\nWatch Here (YouTube): [https://www.youtube.com/watch?v=WwXmqH4e0n8](https://www.youtube.com/watch?v=WwXmqH4e0n8)\n\nListen Here: [https://www.monerotalk.live/vik-sharma-of-cake-wallet-on-being-monero-first](https://www.monerotalk.live/vik-sharma-of-cake-wallet-on-being-monero-first)\n\nDo you love coffee and Monero as much as we do? Consider Making Gratuitas.org your daily cup! Pay with Monero for premium fresh beans and if you like what you taste, send a digital cash tip directly To the Guatemalan farmers that made it possible. Proceeds help us grow this channel, [Gratuitas](https://gratuitas.org/) and Monero!\n\nSpecial thanks to our sponsors, [u/cakewallet](https://www.reddit.com/u/cakewallet/) and [Sweetwater Digital Asset Consulting](https://youtube.com/c/SweetwaterDAC) as well as [u/sunchakr](https://www.reddit.com/u/sunchakr/) for making these interviews possible! And of course our listeners and supporters for making Monero Talk possible!\n\nListen to all the podcasts here:\n\niTunes: [https://podcasts.apple.com/us/podcast/monero-talk/id1445930212](https://podcasts.apple.com/us/podcast/monero-talk/id1445930212)\n\nSpotify: [https://open.spotify.com/show/60lQ05X8lcuXv71fhi6hl7?si=SL2rlvDPS0q68169NlCrtQ](https://open.spotify.com/show/60lQ05X8lcuXv71fhi6hl7?si=SL2rlvDPS0q68169NlCrtQ)\n\nStitcher: [https://www.stitcher.com/podcast/monero-talk?refid=stpr](https://www.stitcher.com/podcast/monero-talk?refid=stpr)\n\nIf you enjoy our show please Subscribe, Like, Share, Rate our YouTube Channel &amp; Podcasts. This will help us grow and spread Monero content!",https://www.reddit.com/r/xmrtrader/comments/r7jao0/this_week_on_monero_talk_w_uchowbungaman_vik/
r7j3pq,1638484136,"XMR - Monero Technical Analysis for December 3, 2021 - XMR",,https://www.reddit.com/r/xmrtrader/comments/r7j3pq/xmr_monero_technical_analysis_for_december_3_2021/
r7e20o,1638470345,"Libonomy - Interoperable, scalable and truly decentralized blockchain",,https://www.reddit.com/r/xmrtrader/comments/r7e20o/libonomy_interoperable_scalable_and_truly/
r7dop0,1638469357,A truly interoperable blockchain - Libonomy,,https://www.reddit.com/r/xmrtrader/comments/r7dop0/a_truly_interoperable_blockchain_libonomy/
r7dbj1,1638468363,The HOW TO OCSC DEMO,,https://www.reddit.com/r/xmrtrader/comments/r7dbj1/the_how_to_ocsc_demo/
r7d10h,1638467576,Energy Mining Comparison Of Different Blockchains,,https://www.reddit.com/r/xmrtrader/comments/r7d10h/energy_mining_comparison_of_different_blockchains/
r72f1z,1638432078,"[Daily Discussion] Thursday, December 2","**Welcome to the /r/xmrtrader daily discussion thread!**\n\n---\n\n**Thread topics include, but are not limited to:**\n\n* General discussion related to the day's events\n* Technical analysis\n* Trading ideas &amp; strategies\n* Questions that do not warrant a separate post\n\n**Thread Guidelines**\n\n* **Be excellent to each other.**\n* Please do not create separate posts for the types of discussion mentioned above outside of the daily thread. **If you do, your post may be removed and/or heavily downvoted.**\n\n* News that may have a big impact on the market may be posted as a separate thread.",https://www.reddit.com/r/xmrtrader/comments/r72f1z/daily_discussion_thursday_december_2/
r6ufxv,1638406512,Looking for $40 USD For Vanilla Visa,[removed],https://www.reddit.com/r/xmrtrader/comments/r6ufxv/looking_for_40_usd_for_vanilla_visa/
r6lrwo,1638384005,"Libonomy - Interoperable, scalable and truly decentralized blockchain",,https://www.reddit.com/r/xmrtrader/comments/r6lrwo/libonomy_interoperable_scalable_and_truly/
r6lcrb,1638382947,The HOW TO OCSC DEMO,,https://www.reddit.com/r/xmrtrader/comments/r6lcrb/the_how_to_ocsc_demo/
r6l6d3,1638382494,Energy Mining Comparison Of Different Blockchains,,https://www.reddit.com/r/xmrtrader/comments/r6l6d3/energy_mining_comparison_of_different_blockchains/
r6f3n9,1638366377,interesting project that we believe has a lot of merit to its work.,[removed],https://www.reddit.com/r/xmrtrader/comments/r6f3n9/interesting_project_that_we_believe_has_a_lot_of/
r69oru,1638345678,"[Daily Discussion] Wednesday, December 1","**Welcome to the /r/xmrtrader daily discussion thread!**\n\n---\n\n**Thread topics include, but are not limited to:**\n\n* General discussion related to the day's events\n* Technical analysis\n* Trading ideas &amp; strategies\n* Questions that do not warrant a separate post\n\n**Thread Guidelines**\n\n* **Be excellent to each other.**\n* Please do not create separate posts for the types of discussion mentioned above outside of the daily thread. **If you do, your post may be removed and/or heavily downvoted.**\n\n* News that may have a big impact on the market may be posted as a separate thread.",https://www.reddit.com/r/xmrtrader/comments/r69oru/daily_discussion_wednesday_december_1/
r68zzp,1638342848,[Research] Bitcoin Mixing on Dark Web &amp; How to tail Malicious Transactions,[removed],https://www.reddit.com/r/xmrtrader/comments/r68zzp/research_bitcoin_mixing_on_dark_web_how_to_tail/
r62i02,1638320694,Trading account access with limits,[removed],https://www.reddit.com/r/xmrtrader/comments/r62i02/trading_account_access_with_limits/
r5ul82,1638298866,A truly interoperable blockchain - Libonomy,,https://www.reddit.com/r/xmrtrader/comments/r5ul82/a_truly_interoperable_blockchain_libonomy/
r5u61w,1638297766,The HOW TO OCSC DEMO,,https://www.reddit.com/r/xmrtrader/comments/r5u61w/the_how_to_ocsc_demo/
r5tke4,1638296179,Energy Mining Comparison Of Different Blockchains,,https://www.reddit.com/r/xmrtrader/comments/r5tke4/energy_mining_comparison_of_different_blockchains/
r5rwne,1638291962,#ezy is making the moves!,[removed],https://www.reddit.com/r/xmrtrader/comments/r5rwne/ezy_is_making_the_moves/
r5rrm4,1638291617,Zec vs Monero today,,https://www.reddit.com/r/xmrtrader/comments/r5rrm4/zec_vs_monero_today/
r5p0w8,1638284210,"XMR - Monero Technical Analysis for November 30, 2021 - XMR",,https://www.reddit.com/r/xmrtrader/comments/r5p0w8/xmr_monero_technical_analysis_for_november_30/
r5l2m5,1638270868,Best place to Buy Xmr with bank wire transfer. I’ll immediately need to store it on my GUI.,,https://www.reddit.com/r/xmrtrader/comments/r5l2m5/best_place_to_buy_xmr_with_bank_wire_transfer_ill/
r5jujv,1638265806,Crypto Trading Bible,[removed],https://www.reddit.com/r/xmrtrader/comments/r5jujv/crypto_trading_bible/
r5iaiv,1638259272,"[Daily Discussion] Tuesday, November 30","**Welcome to the /r/xmrtrader daily discussion thread!**\n\n---\n\n**Thread topics include, but are not limited to:**\n\n* General discussion related to the day's events\n* Technical analysis\n* Trading ideas &amp; strategies\n* Questions that do not warrant a separate post\n\n**Thread Guidelines**\n\n* **Be excellent to each other.**\n* Please do not create separate posts for the types of discussion mentioned above outside of the daily thread. **If you do, your post may be removed and/or heavily downvoted.**\n\n* News that may have a big impact on the market may be posted as a separate thread.",https://www.reddit.com/r/xmrtrader/comments/r5iaiv/daily_discussion_tuesday_november_30/
r5g1lb,1638250864,LTC to XMR is the way???,"Aussie here, seems like getting Lite Coin on an exchange and withdrawing it to a Cake Wallet where you can trade it for XMR is the cheapest way to get Monero and while keeping KYC only aware of the Litecoin you bought. \n\nMy main question is which exchange or which method to obtain Litecoin has the smallest fees? (Fiat loading fee, buying LTC fee, withdrawing LTC fee). \n\nThanks heaps!",https://www.reddit.com/r/xmrtrader/comments/r5g1lb/ltc_to_xmr_is_the_way/
