id,submission_id,body,created_utc,parent_id,permalink
hnksvl2,rau2h7,"In the news today: CIA Says It Has Several Projects on Crypto\n\n>CIA boss Michael Morell said that governments had to embrace Bitcoin since he considered it to be ""a boon for surveillanceâ€\n\n>blockchain analysis is a highly effective crime fighting and intelligence gathering tool.\n\nMy guess is mixers and DNM",1638871941,t3_rau2h7,/r/xmrtrader/comments/rau2h7/daily_discussion_tuesday_december_7/hnksvl2/
hnklvky,rau2h7,We're pleased to share that Tokocrypto has listed Monero!\n\nSource :\n\n[https://twitter.com/Tokocrypto/status/1468097942946926593](https://twitter.com/Tokocrypto/status/1468097942946926593),1638865866,t3_rau2h7,/r/xmrtrader/comments/rau2h7/daily_discussion_tuesday_december_7/hnklvky/
hnkkmmq,rau2h7,Someone make a XMR hodlr doomer wojak meme,1638864834,t3_rau2h7,/r/xmrtrader/comments/rau2h7/daily_discussion_tuesday_december_7/hnkkmmq/
hnkoyly,rau2h7,"Still low on the ratio, Harambe hasn't saved us yet.",1638868518,t3_rau2h7,/r/xmrtrader/comments/rau2h7/daily_discussion_tuesday_december_7/hnkoyly/
hnkv5ks,rau2h7,Is this a scam? ... where you can't withdraw your coins ... or cheap XMR?\n\nCAPITAL 198.98 USD\n\nSKILLING 201.70 USD\n\n[TradingView](https://www.tradingview.com/x/sUm9iZvQ/)\n\nOKEX 203.37 USDT (withdrawal imppossible)\n\nKraken 203.95 USD (withdrawal possible),1638873891,t3_rau2h7,/r/xmrtrader/comments/rau2h7/daily_discussion_tuesday_december_7/hnkv5ks/
hnkkas0,rau2h7,"Wow, XMR +1.2%!   \nbtw...  \nXLM +9%  \nADA +8.5%  \nVET +9.50%",1638864565,t3_rau2h7,/r/xmrtrader/comments/rau2h7/daily_discussion_tuesday_december_7/hnkkas0/
hnkkbm5,rau2h7,Monero Price | $200.31 USD\n:--|:--\nMonero Price Change | +1.59%\nMonero Mktcap | $3.615 B\n\n*****\n\n^\(ã£â—”â—¡â—”)ã£ ^â™¡ ^| [^(I'm a bot)](https://www.reddit.com/r/moneronotificatio/wiki/index) ^| [^(Contact my owner)](https://www.reddit.com/message/compose/?to=OsrsNeedsF2P) ^| [^(Sign up to LocalMonero!)](https://localmonero.co/?utm_source=reddit&utm_medium=osrs-reddit-bot&utm_campaign=initial-run),1638864584,t3_rau2h7,/r/xmrtrader/comments/rau2h7/daily_discussion_tuesday_december_7/hnkkbm5/
hnl07h2,rau2h7,[FBI seized $2.3 million in cryptocurrency tied to ransomware group REvil](https://indianexpress.com/article/technology/crypto/fbi-seized-2-3-million-in-cryptocurrency-tied-to-ransomware-group-revil-7660484/)\n\n>The United States of America files this verified complaint in rem against 39.89138522 Bitcoin Seized From Exodus Wallet (â€œthe Defendant Propertyâ€) that is now located and in the custody and management of the Federal Bureau of Investigation (â€œFBIâ€)\n\nHow can they seize BTC from Exodus wallet?,1638877785,t1_hnksvl2,/r/xmrtrader/comments/rau2h7/daily_discussion_tuesday_december_7/hnl07h2/
hnkrwk7,rau2h7,"""Powered by Binance""",1638871097,t1_hnklvky,/r/xmrtrader/comments/rau2h7/daily_discussion_tuesday_december_7/hnkrwk7/
hnkmgtf,rau2h7,"i see indonesia, saya upvote.",1638866368,t1_hnklvky,/r/xmrtrader/comments/rau2h7/daily_discussion_tuesday_december_7/hnkmgtf/
hnknlxd,rau2h7,Me as a wojak trader and xmrtrader reddit community as Bogdanoff,1638867352,t1_hnkkmmq,/r/xmrtrader/comments/rau2h7/daily_discussion_tuesday_december_7/hnknlxd/
hnksje9,rau2h7,then sell and gamble shitcoins :),1638871645,t1_hnkkas0,/r/xmrtrader/comments/rau2h7/daily_discussion_tuesday_december_7/hnksje9/
hnkzdiq,rau2h7,"So coins that crashed harder then pump back more when the market recovers, what's your point?\n\nI think the amount of whingeing in here is probably a reflection that the only means people have to do this project harm is by sowing disharmony in the community.",1638877181,t1_hnkkas0,/r/xmrtrader/comments/rau2h7/daily_discussion_tuesday_december_7/hnkzdiq/
hnkmlw0,rau2h7,"not great, not terrible.",1638866492,t1_hnkkbm5,/r/xmrtrader/comments/rau2h7/daily_discussion_tuesday_december_7/hnkmlw0/
hnkseoy,rau2h7,ouch what a sale,1638871532,t1_hnkkbm5,/r/xmrtrader/comments/rau2h7/daily_discussion_tuesday_december_7/hnkseoy/
hnl6gzl,rau2h7,"We reached 300$ in August, then we played around 250$ until November, then now we are around 200$.   \nNo need to talk about XMR/BTC pair that went from 0.009 to actual 0.004.  \nOr XMR/ETH pair that went from 0.18 to 0.04.  \n\n\nI terribly feel that interest in XMR project is fading and moving into other coins, every day we have to accept that price is slowly going down. I never wanted to hurt someone or the community itself, just noticed that everything else is moving and hyped.   \nI hope to be terribly wrong",1638881771,t1_hnkzdiq,/r/xmrtrader/comments/rau2h7/daily_discussion_tuesday_december_7/hnl6gzl/
hnkxr1s,rau2h7,Stable is the word,1638875974,t1_hnkmlw0,/r/xmrtrader/comments/rau2h7/daily_discussion_tuesday_december_7/hnkxr1s/
hnl776w,rau2h7,"Yes, I can clearly see how the interest in XMR project is fading here: [https://bitinfocharts.com/comparison/transactions-xmr-sma90.html#3y](https://bitinfocharts.com/comparison/transactions-xmr-sma90.html#3y)\n\nEdit: and [here](https://subredditstats.com/r/Monero)",1638882183,t1_hnl6gzl,/r/xmrtrader/comments/rau2h7/daily_discussion_tuesday_december_7/hnl776w/
hnlbrfw,rau2h7,"If it makes you feel better, it is almost a certainty that you are terribly wrong. Donâ€™t get me wrong, Iâ€™m enjoying being up hundreds/thousand percent up on some investments, but my DCA out of those pays for my DCA into XMR. Monero is the only one Iâ€™m stressing about not having enough of. Iâ€™ll leave the hype to the projects who need them. We have fundamentals and necessity, whether the world knows it yet or not. \n\nThey will know one day, for better or worse.",1638884630,t1_hnl6gzl,/r/xmrtrader/comments/rau2h7/daily_discussion_tuesday_december_7/hnlbrfw/
hnl8gfl,rau2h7,"what is wrong with you? bitcoin went from $1k to $200, from $200 to $20k, from $20k to $3k, from $3k to $60k. stop fudding man. just sell, maybe crypto isnt for you",1638882884,t1_hnl6gzl,/r/xmrtrader/comments/rau2h7/daily_discussion_tuesday_december_7/hnl8gfl/
hnl7paa,rau2h7,"So, since XMR price keeps decreasing but transaction are rising means it's only used to move money and quickly get converted in other values?",1638882463,t1_hnl776w,/r/xmrtrader/comments/rau2h7/daily_discussion_tuesday_december_7/hnl7paa/
hnlf0eb,rau2h7,"What's wrong with me? Just trying to understand the reasons behind these bad performance. I'm not new in crypto and only have these feelings about XMR, that was/is one of my favorite for its real usage! If you think this is fudding i'm sorry about that.  \nI well know BTC fluctuations, no need to remind me that BTC moves. About that, BTC is now at the price of may 13th (XMR price was >400$), or october 6th (XMR price was 290$). So if you think there's not a problem i'm happy to hear that! But when i read that exchanges like Kraken delist XMR i start making thoughts.  \nAgain, hope to be wrong and keep hodling!",1638886244,t1_hnl8gfl,/r/xmrtrader/comments/rau2h7/daily_discussion_tuesday_december_7/hnlf0eb/
hnl9q23,rau2h7,> it's ... used to move money\n\nIsn't it... the whole point of a crypto *currency*?,1638883562,t1_hnl7paa,/r/xmrtrader/comments/rau2h7/daily_discussion_tuesday_december_7/hnl9q23/
hnierai,raicxz,"This is a weekly XMR TA report that I intend to publish every Monday.\n\nOlder XMR TA reports can be found on the https://www.monero.observer/tag/analysis page.\n\n*If you're not familiar with Monero Observer yet, that's where I try to report on everything that moves in the Monero community: big and small events and stories.*",1638826486,t3_raicxz,/r/xmrtrader/comments/raicxz/monero_observer_xmr_ta_report_week_48_2021/hnierai/
hniguxp,raicxz,"There were quite a lot to cover, thanks mate",1638827298,t1_hnierai,/r/xmrtrader/comments/raicxz/monero_observer_xmr_ta_report_week_48_2021/hniguxp/
hniir5f,raicxz,My pleasure :),1638828033,t1_hniguxp,/r/xmrtrader/comments/raicxz/monero_observer_xmr_ta_report_week_48_2021/hniir5f/
hngvt6q,ra9pk3,"The question is : who ever said, bitcoin is a safe investment??? :D (btw edit your ""its not a save"" )",1638804940,t3_ra9pk3,/r/xmrtrader/comments/ra9pk3/bitcoin_ist_not_a_save_investment_here_is_why/hngvt6q/
hnhxtck,ra9pk3,"So, you came to this XMR sub to shill e.cash, a project in the making from the fork of BCH, itself a fork of BTC?",1638819929,t3_ra9pk3,/r/xmrtrader/comments/ra9pk3/bitcoin_ist_not_a_save_investment_here_is_why/hnhxtck/
hnh26no,ra9pk3,Do not listen. Taproot is the key to future Moon.,1638807533,t3_ra9pk3,/r/xmrtrader/comments/ra9pk3/bitcoin_ist_not_a_save_investment_here_is_why/hnh26no/
hngwza9,ra9pk3,Thanks. German autocorrect... ðŸ˜„,1638805420,t1_hngvt6q,/r/xmrtrader/comments/ra9pk3/bitcoin_ist_not_a_save_investment_here_is_why/hngwza9/
hnj23j7,ra9pk3,"Not shilling anything. As I said, there are many good candidates that could be used instead of BTC. Monero, BCH and also XEC are good candidates. My point is, don't believe just because BTC is the biggest, putting your money in it is a safe thing to do...",1638836254,t1_hnhxtck,/r/xmrtrader/comments/ra9pk3/bitcoin_ist_not_a_save_investment_here_is_why/hnj23j7/
hnh2i1w,ra9pk3,"Why do you think so, can not find many new things in taproot that other coins wouldn't already have...",1638807658,t1_hnh26no,/r/xmrtrader/comments/ra9pk3/bitcoin_ist_not_a_save_investment_here_is_why/hnh2i1w/
hnh3job,ra9pk3,"For the whales, other coins are all shit. Taproot opens a Pandora box of untraceable atomic swaps in a super-lightning manner. Also Taproot opens the door to sophisticated hidden or side-chain smart contracts. And all these new exciting behaviour will live for guarantee to be not observable by external observers.  And all this new service is available with greatest stability and low fees, unlike permanent buggy Ethereum.",1638808071,t1_hnh2i1w,/r/xmrtrader/comments/ra9pk3/bitcoin_ist_not_a_save_investment_here_is_why/hnh3job/
hnh3tlp,ra9pk3,"Ok, thanks. I will have another look into taproot!",1638808177,t1_hnh3job,/r/xmrtrader/comments/ra9pk3/bitcoin_ist_not_a_save_investment_here_is_why/hnh3tlp/
hni6cks,ra8etl,Wish this was true :/,1638823244,t3_ra8etl,/r/xmrtrader/comments/ra8etl/yes/hni6cks/
hngn8cs,ra22pq,"just shilled monero to azure support dude in Costa Rica, told him i'd fill out the survey and give him a positive review if he buys some XMR \n\n&#x200B;\n\nLFG",1638801175,t3_ra22pq,/r/xmrtrader/comments/ra22pq/daily_discussion_monday_december_6/hngn8cs/
hnh73r5,ra22pq,So are there actual human traders that keep buying at 0.004 and and then selling at 0.0043? Over and over again? \n\nOne of those situations where it's looks caught up in some bot trading pattern. It will probably work until it suddenly doesn't.,1638809481,t3_ra22pq,/r/xmrtrader/comments/ra22pq/daily_discussion_monday_december_6/hnh73r5/
hnhn13i,ra22pq,I reckon we consolidated for the whole of December then market starts moving again in Jan. That's if there is no black swan. Source. Me,1638815697,t3_ra22pq,/r/xmrtrader/comments/ra22pq/daily_discussion_monday_december_6/hnhn13i/
hng4aoy,ra22pq,I only need ____ # monero to be at my goal.  It is now easier to reach. Thx,1638790081,t3_ra22pq,/r/xmrtrader/comments/ra22pq/daily_discussion_monday_december_6/hng4aoy/
hngoxuk,ra22pq,">I'm off the deep end, watch as I buy in, I'll never meet the ground. Crash through the support, where they can hurt us, we're far from the ATHs now.  \n>  \n>In the ATHs, ATHs.... We're far from the ATH now.\n\n\-Me, 23rd May 2021.\n\n*Super saiyan 3 theme plays*\n\nðŸ™HarambeðŸ™ I pray to his majesty for a breakout and the day when I can slide down that tarp when we hit $1,000",1638801963,t3_ra22pq,/r/xmrtrader/comments/ra22pq/daily_discussion_monday_december_6/hngoxuk/
hnhwnmz,ra22pq,"https://asia.nikkei.com/Spotlight/Cryptocurrencies/Stablecoins-to-face-new-restrictions-in-Japan\n\nthey can't ban or restrict our favorite stablecoin, right? 8)",1638819471,t3_ra22pq,/r/xmrtrader/comments/ra22pq/daily_discussion_monday_december_6/hnhwnmz/
hnfv1uv,ra22pq,Price is near the powerlaw low resistant line.\nTime to get cheap moneroj.\n\nhttps://moneroj.net/powerlaw/#,1638782226,t3_ra22pq,/r/xmrtrader/comments/ra22pq/daily_discussion_monday_december_6/hnfv1uv/
hnh6yh3,ra22pq,is it just me or does monero have a massive cup and handle formation when you look at the all time chart on Log scale?,1638809424,t3_ra22pq,/r/xmrtrader/comments/ra22pq/daily_discussion_monday_december_6/hnh6yh3/
hni68sm,ra22pq,do you guys think its fine to send litecoin from a kyc exchange to tradeogre? or should i buy monero then send to wallet and send to trade ogre everytime?\n\nhttps://www.reddit.com/r/PirateChain/comments/p7mux0/gemini_closing_accounts_likely_for_interacting/,1638823203,t3_ra22pq,/r/xmrtrader/comments/ra22pq/daily_discussion_monday_december_6/hni68sm/
hngprzs,ra22pq,"Binance remains true to its traditions. In May it was XMR (But coins they probaly borrowed from OKEx have not been returned to this day. $200 per XMR is still not low enough.), this time it is DOGE:\n\n*""I just got my notification that #DOGE withdrawal has resumed.""*\n\n*""Itâ€™s still suspended""*\n\n*""Yeah I just checked as well and it is still saying Suspended. I don't know why they sent me that email.""*\n\n[tweet](https://twitter.com/DogeGremlin/status/1467760205471490050)\n\nBoys, wait until:\n\n- someone deposits some coins\n- Binance mine some coins\n- a lot of people lose their temper and sell their coins and take the USDT, (so there won't be so big withdrawal pressure)",1638802336,t3_ra22pq,/r/xmrtrader/comments/ra22pq/daily_discussion_monday_december_6/hngprzs/
hnif66m,ra22pq,All I'm saying is that weekly RSI is low low,1638826645,t3_ra22pq,/r/xmrtrader/comments/ra22pq/daily_discussion_monday_december_6/hnif66m/
hnfurwj,ra22pq,"Hell yes, cheap moneroj, if you are in your feelings about it go invest in a less volatile market. In any event, have a good day everyone!!\n\nGO MONERO\n\nUSE MONERO\n\n\nOptions\nhttps://youtu.be/Si8b9dXC7uU",1638781984,t3_ra22pq,/r/xmrtrader/comments/ra22pq/daily_discussion_monday_december_6/hnfurwj/
hng7ynd,ra22pq,It looks like the next months will offer us and the newbs a good opportunity to accumulate more Moneroj. 120-150$/XMR seems realistic to me. That said I'm afraid that such a low price will drive some miners offline thus lowering network security. Nonetheless you can count on me supporting the network by buying more :).,1638792763,t3_ra22pq,/r/xmrtrader/comments/ra22pq/daily_discussion_monday_december_6/hng7ynd/
hnfrhdr,ra22pq,Monero Price | $195.19 USD\n:--|:--\nMonero Price Change | -2.82%\nMonero Mktcap | $3.583 B\n\n*****\n\n^\(ã£â—”â—¡â—”)ã£ ^â™¡ ^| [^(I'm a bot)](https://www.reddit.com/r/moneronotificatio/wiki/index) ^| [^(Contact my owner)](https://www.reddit.com/message/compose/?to=OsrsNeedsF2P) ^| [^(Sign up to LocalMonero!)](https://localmonero.co/?utm_source=reddit&utm_medium=osrs-reddit-bot&utm_campaign=initial-run),1638779178,t3_ra22pq,/r/xmrtrader/comments/ra22pq/daily_discussion_monday_december_6/hnfrhdr/
hnjs4ub,ra22pq,Obviously ZECâ€¦. https://twitter.com/zerohedge/status/1468035118669434884?s=21\n\nThe sad part is I bet Barry Silbert knew this and thatâ€™s why heâ€™s loading ZEC bags,1638847680,t3_ra22pq,/r/xmrtrader/comments/ra22pq/daily_discussion_monday_december_6/hnjs4ub/
hnjfbq4,ra22pq,.0039 ladies and gentlemen.  This is truth.  This is sad.,1638842117,t3_ra22pq,/r/xmrtrader/comments/ra22pq/daily_discussion_monday_december_6/hnjfbq4/
hniii6e,ra22pq,"The more I read the more I see the industry moving toward the Ethereum model of ZK-rollups.  They fulfill the ideal of programable money. You can do so much with it. I think money will flooding into zkrollup projects.\n\nMonero has the best anonymous layer 1 chain in the world. Maybe one day, when it is needed , zkrollups can be used as a layer 2 for monero. Then it will be future proof.",1638827928,t3_ra22pq,/r/xmrtrader/comments/ra22pq/daily_discussion_monday_december_6/hniii6e/
hnfrgk2,ra22pq,Itâ€™s sad but I called it here: https://reddit.com/r/xmrtrader/comments/qwkxad/_/hl62ow2/?context=1,1638779158,t3_ra22pq,/r/xmrtrader/comments/ra22pq/daily_discussion_monday_december_6/hnfrgk2/
hngsm6h,ra22pq,also FWIW he said he's never heard of it before so hopefully he actually onboards and spreads the word himself as well,1638803594,t1_hngn8cs,/r/xmrtrader/comments/ra22pq/daily_discussion_monday_december_6/hngsm6h/
hnhur10,ra22pq,All it takes is one happy whale to buy some at .0043,1638818723,t1_hnh73r5,/r/xmrtrader/comments/ra22pq/daily_discussion_monday_december_6/hnhur10/
hnhdqqi,ra22pq,I used to be doing the same thing. Not anymore. The stress of seeing XMR go up and you being stuck with stupid useless BTC was too much.,1638812069,t1_hnh73r5,/r/xmrtrader/comments/ra22pq/daily_discussion_monday_december_6/hnhdqqi/
hnjw20a,ra22pq,I am one of those.. Why wouldnt it work? If it goes to 36 y would increase position in xmr. Meanwhile i earn something.,1638849448,t1_hnh73r5,/r/xmrtrader/comments/ra22pq/daily_discussion_monday_december_6/hnjw20a/
hngnmr1,ra22pq,18.7 is generally considered the suicide stack,1638801361,t1_hng4aoy,/r/xmrtrader/comments/ra22pq/daily_discussion_monday_december_6/hngnmr1/
hnfv6ms,ra22pq,Based,1638782343,t1_hnfv1uv,/r/xmrtrader/comments/ra22pq/daily_discussion_monday_december_6/hnfv6ms/
hnhe7qw,ra22pq,"in case you're wondering\n\nhttps://www.tradingview.com/x/ilJzJrX4/\n\n$260k incoming, lets go",1638812253,t1_hnh6yh3,/r/xmrtrader/comments/ra22pq/daily_discussion_monday_december_6/hnhe7qw/
hni391d,ra22pq,Cup and handle wouldnâ€™t apply at that time frame.,1638822055,t1_hnh6yh3,/r/xmrtrader/comments/ra22pq/daily_discussion_monday_december_6/hni391d/
hni9lst,ra22pq,"I always,  always, always, take possession of my keys..  before sending any crypto anywhere.  At the very least, send the ltc to your own personal wallet then send it to trageogre or to changenow.",1638824484,t1_hni68sm,/r/xmrtrader/comments/ra22pq/daily_discussion_monday_december_6/hni9lst/
hni2qfo,ra22pq,"At one time, one of our biggest adversaries here was Bitmain.... When they released an asic miner specifically for Monero...... What did this community do?..... Random x..... Now where's Bitmain?... oh that's right.... What's left of it is actually an undisclosed number of miles from where I'm sitting right now....and focused exclusively on Bitcoin mining... . deep in the heart of Texas.... I have a feeling if binance keeps up their bullshit ....it won't be long  until we get their asses as well... We don't tolerate that kind of crap around here..... Want to do something stupid?... How's about drilling into the Earth's crust to take out valuable resources that modern society could not live without?.... âœ”ï¸(For the earth first crowd you can make electric vehicles all day long whose batteries won't bio degrade for 7 million years, petroleum still goes into so many modern materials and substances that it will always be needed) What happens if it all blows up?... We pioneered what to do about that as well ..... Moving on .....want to ride a goddamn huge explosion to go where mankind always dreamed of going since he first looked up at the sky??... âœ”ï¸.... We've been doing that for more than half a century..... Your company is obliterated by a bunch of anonymous roughly linked people in a community who won't tolerate a giant company manipulating their hard-earned beloved cryptocurrency, and you're forced to piece meal It off and you can no longer operate in your Homeland because it takes too much power?...... I mean too much power for China f****** China for f*** sake???... We got you .....bring it..... in fact we're going to take it from you fire sale prices and do it ourselves and we're going to put it exactly in the middle of the state just to make sure that there's a good couple hundred miles in every direction for any dumb s***...... Keep it up binance we got our eyes on you....",1638821856,t1_hngprzs,/r/xmrtrader/comments/ra22pq/daily_discussion_monday_december_6/hni2qfo/
hngrn0c,ra22pq,"But... How?! Their cold/hot wallet is transparent, we can see how many coins there are.",1638803169,t1_hngprzs,/r/xmrtrader/comments/ra22pq/daily_discussion_monday_december_6/hngrn0c/
hngcmcq,ra22pq,"Honest question. Do you think there'll be a bounce to $200 before it goes below $150?\n\nI won't be able to buy Monero with fiat next year, so the only way of increasing my stash would be the trading game. Sell now, buy back at $100 - $150.",1638795683,t1_hng7ynd,/r/xmrtrader/comments/ra22pq/daily_discussion_monday_december_6/hngcmcq/
hnfuu3y,ra22pq,life is short!,1638782037,t1_hnfrhdr,/r/xmrtrader/comments/ra22pq/daily_discussion_monday_december_6/hnfuu3y/
hnjt8b2,ra22pq,Wasnt Tornado on ETH also created by ECC/ZEC devs?,1638848164,t1_hnjs4ub,/r/xmrtrader/comments/ra22pq/daily_discussion_monday_december_6/hnjt8b2/
hnkh5dr,ra22pq,And I get downvotes saying the ratio is going to 0.002 if Bitcoin is back above 60k....,1638862054,t1_hnjfbq4,/r/xmrtrader/comments/ra22pq/daily_discussion_monday_december_6/hnkh5dr/
hnj7dsq,ra22pq,Whatâ€™s Ethereum?,1638838647,t1_hniii6e,/r/xmrtrader/comments/ra22pq/daily_discussion_monday_december_6/hnj7dsq/
hnfs92b,ra22pq,Open short and get rekt,1638779832,t1_hnfrgk2,/r/xmrtrader/comments/ra22pq/daily_discussion_monday_december_6/hnfs92b/
hnj6uma,ra22pq,Did your account get hacked rattie?,1638838408,t1_hnhdqqi,/r/xmrtrader/comments/ra22pq/daily_discussion_monday_december_6/hnj6uma/
hnjwny8,ra22pq,"It can work for some time, but we have seen these repeating patterns before and they look like they go in forever until one day it doesn't. Either shoots up or drops by a large amount and you can be caught out of your trade.",1638849728,t1_hnjw20a,/r/xmrtrader/comments/ra22pq/daily_discussion_monday_december_6/hnjwny8/
hnjo1qd,ra22pq,What? Why 18.7 and the name suicide stack?,1638845891,t1_hngnmr1,/r/xmrtrader/comments/ra22pq/daily_discussion_monday_december_6/hnjo1qd/
hnhf511,ra22pq,https://www.elearnmarkets.com/blog/wp-content/uploads/2019/03/ch-PATTERN-image-1-continuation.png\n\nwish it would be play out :),1638812613,t1_hnhe7qw,/r/xmrtrader/comments/ra22pq/daily_discussion_monday_december_6/hnhf511/
hni3llb,ra22pq,why not? cup and handles can take years. I was always told the cup depth is more important than timeframe by the tea-leafers.,1638822188,t1_hni391d,/r/xmrtrader/comments/ra22pq/daily_discussion_monday_december_6/hni3llb/
hnii285,ra22pq,"The problem is that they can still trace any coin (except monero) that ends up at tradeorge and potentially lock down your account, even if you send to your own personal wallet.",1638827758,t1_hni9lst,/r/xmrtrader/comments/ra22pq/daily_discussion_monday_december_6/hnii285/
hnhmpey,ra22pq,"True, but you can't see how many people own X amount of coins on the exchange because it's not public, binance could have 1 million coins but if the user's coins on the exchange is more than that nobody would know apart from insiders and it works because they know not everyone will withdraw at the same time. So a liquidity problem could happen with any coin if you believe the above could be plausible.",1638815568,t1_hngrn0c,/r/xmrtrader/comments/ra22pq/daily_discussion_monday_december_6/hnhmpey/
hngwyai,ra22pq,I didn't research it too much. They probably don't have a lot of coins in their wallet. You can read more here:\n\n[Binance was wrong by 1 000 000 000 Doge](https://www.reddit.com/r/dogecoin/comments/qusx4c/binance\_was\_wrong\_by\_1\_000\_000\_000\_doge/)\n\n[Is it correct that Doge on Binance is no longer Doge?](https://www.reddit.com/r/dogecoin/comments/qusro1/is_it_correct_that_doge_on_binance_is_no_longer/),1638805408,t1_hngrn0c,/r/xmrtrader/comments/ra22pq/daily_discussion_monday_december_6/hngwyai/
hngluta,ra22pq,Yes I think there's a high probability we will have a dead cat bounce before going lower.,1638800530,t1_hngcmcq,/r/xmrtrader/comments/ra22pq/daily_discussion_monday_december_6/hngluta/
hnghbsj,ra22pq,"in my opinion, no. just look at how bearish bitcoin is right now and as far as i know, the mt. gox coins are not distributed yet (i read that could happen around the end of december). imo we could easily see $30k bitcoin again, what that could mean for monero should be clear. but, selling now is big gamble. if we had this situation at $300 monero i would say, take it. but now im not sure. \n\nand nobody knows what will happen with all those mt. gox btc&bch, maybe a fair amount goes to monero? who knows?",1638798269,t1_hngcmcq,/r/xmrtrader/comments/ra22pq/daily_discussion_monday_december_6/hnghbsj/
hnfv3id,ra22pq,"Exactly, let us be thankful for another day above ground my friend.",1638782265,t1_hnfuu3y,/r/xmrtrader/comments/ra22pq/daily_discussion_monday_december_6/hnfv3id/
hnfsprt,ra22pq,Short since 301$,1638780233,t1_hnfs92b,/r/xmrtrader/comments/ra22pq/daily_discussion_monday_december_6/hnfsprt/
hnjelzx,ra22pq,Some days he takes his medication. Others..........not so much.,1638841819,t1_hnj6uma,/r/xmrtrader/comments/ra22pq/daily_discussion_monday_december_6/hnjelzx/
hnjywk3,ra22pq,"Agreed! But im no trader. It's just a consistent holding strategy: i ll Buy without doubt at 36, 32, 28... Selling at 39, 35, 31 respectively. The same thing ill sell at 48, 55, 60 buying back at 46, 53, 57...\nI dont know to read graphs yet though.",1638850770,t1_hnjwny8,/r/xmrtrader/comments/ra22pq/daily_discussion_monday_december_6/hnjywk3/
hnjp9on,ra22pq,Old bitcoin lore. There used be a â€œmillionthâ€ club for those that owned 1/1000000 of the supply (21 btc). The 18.7 comes from being a part of the same club with XMR before tail emissions. \n\nCalled a suicide stack because thats the # of coins it would take where if you lost/got hacked itâ€™d make you consider suicide in the future (5-10 years from now),1638846428,t1_hnjo1qd,/r/xmrtrader/comments/ra22pq/daily_discussion_monday_december_6/hnjp9on/
hnjf61d,ra22pq,"Shh shhhh......if you spook it, it'll run....(standing in front of boiling cauldron).....ðŸ§™\nnow where did I put that eye of newt???....hmmmmm?",1638842048,t1_hni3llb,/r/xmrtrader/comments/ra22pq/daily_discussion_monday_december_6/hnjf61d/
hnjf0sn,ra22pq,I was just making a point that exchange to exchange  sending is not good practice.   A non custodial wallet should be the middle man.,1638841986,t1_hnii285,/r/xmrtrader/comments/ra22pq/daily_discussion_monday_december_6/hnjf0sn/
hngjo6d,ra22pq,Mygox payouts do not start before 2023 for sure. That is Japanese law and its bureaucracy issues.,1638799460,t1_hnghbsj,/r/xmrtrader/comments/ra22pq/daily_discussion_monday_december_6/hngjo6d/
hng1r96,ra22pq,"Well, close your short while you have the opportunity.",1638788031,t1_hnfsprt,/r/xmrtrader/comments/ra22pq/daily_discussion_monday_december_6/hng1r96/
hnkb5b6,ra22pq,Youâ€™re one crazy mother fucker koolaid.,1638857755,t1_hnjelzx,/r/xmrtrader/comments/ra22pq/daily_discussion_monday_december_6/hnkb5b6/
hnjqauy,ra22pq,Woah! Thank you for sharing :),1638846881,t1_hnjp9on,/r/xmrtrader/comments/ra22pq/daily_discussion_monday_december_6/hnjqauy/
hnjmwva,ra22pq,Got it. Yes that is a good practice for Monero.,1638845395,t1_hnjf0sn,/r/xmrtrader/comments/ra22pq/daily_discussion_monday_december_6/hnjmwva/
hng5su3,ra22pq,Monero is going sub 100usd. \n\nAnd most likely is staying there.,1638791226,t1_hng1r96,/r/xmrtrader/comments/ra22pq/daily_discussion_monday_december_6/hng5su3/
hnkb88r,ra22pq,"Thank you.  Its nice to be able to come on here n speak my mind. I'm so reserved in ""the real world"". Speaking as one wants is not conducive to a successful career dependent on clients, nor having a successful marriage to a beautiful woman. Maybe it's a soldier thing idk, but if I couldn't compartmentalize my emotions and control my behavior I'd be dead. On here though I speak however I want, very liberating. I mean I'm not scared to in life, I just have enough sense to shut the fuck up most of the time.",1638857809,t1_hnkb5b6,/r/xmrtrader/comments/ra22pq/daily_discussion_monday_december_6/hnkb88r/
hng6pvo,ra22pq,Gtfo lol,1638791881,t1_hng5su3,/r/xmrtrader/comments/ra22pq/daily_discussion_monday_december_6/hng6pvo/
hng71uz,ra22pq,You think ATH is more likely?,1638792122,t1_hng6pvo,/r/xmrtrader/comments/ra22pq/daily_discussion_monday_december_6/hng71uz/
hng7nhz,ra22pq,"Yes. Weâ€™ve got a 3.5 billion market cap right now. All it takes is one billionaire with true intellect to discover Monero, purchase the rest of the circulating supply and we are pumping. Canâ€™t ever picture it happening for ltc XRP or the like .. yes, an ATH is more likely. \n\nIf we go Sub $100 then the entire market will be fucked along with us. In That case we canâ€™t exactly demand special treatment",1638792546,t1_hng71uz,/r/xmrtrader/comments/ra22pq/daily_discussion_monday_december_6/hng7nhz/
hne9362,r9t56g,just wait for the cbdcs,1638750054,t3_r9t56g,/r/xmrtrader/comments/r9t56g/what_will_it_take_for_the_xmrbtc_ratio_to_recover/hne9362/
hne6d3g,r9t56g,"xmr needs to be actually used more. Currently most crypto platforms dont allow xmr on them, and not many people are actually using it as a currency. So until its use increases and user demand for exchanges go up, the ratio/value isnt going to go up much.",1638748899,t3_r9t56g,/r/xmrtrader/comments/r9t56g/what_will_it_take_for_the_xmrbtc_ratio_to_recover/hne6d3g/
hnfkjii,r9t56g,Bitcoin dying,1638773791,t3_r9t56g,/r/xmrtrader/comments/r9t56g/what_will_it_take_for_the_xmrbtc_ratio_to_recover/hnfkjii/
hne98d4,r9t56g,Where can one view a chart of the ratio?,1638750115,t3_r9t56g,/r/xmrtrader/comments/r9t56g/what_will_it_take_for_the_xmrbtc_ratio_to_recover/hne98d4/
hnft9l5,r9t56g,"Maybe it would be enough if all people get rid of their virtual monero on services like Vauld, InvestVoyager, WazirX, OKEx, Binance, ... and bought a real Monero and took it into their wallet.",1638780698,t3_r9t56g,/r/xmrtrader/comments/r9t56g/what_will_it_take_for_the_xmrbtc_ratio_to_recover/hnft9l5/
hnfzqgu,r9t56g,A miracle. It would take a miracle.,1638786307,t3_r9t56g,/r/xmrtrader/comments/r9t56g/what_will_it_take_for_the_xmrbtc_ratio_to_recover/hnfzqgu/
hnfo7qf,r9t56g,Manipulators tradebots to malfunction.,1638776551,t3_r9t56g,/r/xmrtrader/comments/r9t56g/what_will_it_take_for_the_xmrbtc_ratio_to_recover/hnfo7qf/
hnhdmen,r9t56g,"You think the average Joe even knows what atomic swap is? They just want to be sure they aren't going to be nicked. To reach the *masses* you need to issue an easy to use idiot-proof wallet, and to reassure them that this is the best privacy coin there is. A really foolproof wallet that uses QR codes, and has a simple ""publish/keep private"" checkbox. No hex value or even an address visible to the naked eye unless the user expressly selects an ""advanced mode"" under menu options. Fast and easy to set up. 4-digit PIN or fingerprint mode only (no seed phrases). Nothing that looks even remotely techni-cool about it.",1638812022,t3_r9t56g,/r/xmrtrader/comments/r9t56g/what_will_it_take_for_the_xmrbtc_ratio_to_recover/hnhdmen/
hnfolyt,r9t56g,"When the market makers and liquidity providers decide so. They are probably under pressure not to ""play"" this market due xmrs high anonymity, keeping it's popularity down.",1638776861,t3_r9t56g,/r/xmrtrader/comments/r9t56g/what_will_it_take_for_the_xmrbtc_ratio_to_recover/hnfolyt/
hnfoawe,r9t56g,"> What will it take for the xmr/btc ratio to recover\n\nSilly monkey pix NFTs, dog shitcoins and anonymous decentramafialand running on Monero Smart Contracts + some DeFi earning opportunities...",1638776622,t3_r9t56g,/r/xmrtrader/comments/r9t56g/what_will_it_take_for_the_xmrbtc_ratio_to_recover/hnfoawe/
hngfztk,r9t56g,Satoshi to offer an atomic swap on some of their BTC,1638797568,t3_r9t56g,/r/xmrtrader/comments/r9t56g/what_will_it_take_for_the_xmrbtc_ratio_to_recover/hngfztk/
hneij7h,r9t56g,Don't you reckon that may pull the entire market down when they start coercing their shitcoins?,1638754160,t1_hne9362,/r/xmrtrader/comments/r9t56g/what_will_it_take_for_the_xmrbtc_ratio_to_recover/hneij7h/
hneye7q,r9t56g,cannabinoids?,1638761289,t1_hne9362,/r/xmrtrader/comments/r9t56g/what_will_it_take_for_the_xmrbtc_ratio_to_recover/hneye7q/
hne9qm9,r9t56g,"This.  Also, I feel like people are beginning to value privacy more each day so I'm hoping we get to a point fairly soon where they realize xmr is the best privacy crypto.  \n\n( Let me grab some more xmr before people fomo in though lol )",1638750328,t1_hne6d3g,/r/xmrtrader/comments/r9t56g/what_will_it_take_for_the_xmrbtc_ratio_to_recover/hne9qm9/
hnearmu,r9t56g,Well the good news is that we just hit a record high # of monthly transactions.,1638750773,t1_hne6d3g,/r/xmrtrader/comments/r9t56g/what_will_it_take_for_the_xmrbtc_ratio_to_recover/hnearmu/
hneygf8,r9t56g,it also needs to be on available-to-americans exchanges.,1638761317,t1_hne6d3g,/r/xmrtrader/comments/r9t56g/what_will_it_take_for_the_xmrbtc_ratio_to_recover/hneygf8/
hneyjt1,r9t56g,are there crypto payment processors that take xmr and turn it into fiat for online vendors?,1638761360,t1_hne6d3g,/r/xmrtrader/comments/r9t56g/what_will_it_take_for_the_xmrbtc_ratio_to_recover/hneyjt1/
hneanz7,r9t56g,Trading view or an exchange like Kraken.,1638750729,t1_hne98d4,/r/xmrtrader/comments/r9t56g/what_will_it_take_for_the_xmrbtc_ratio_to_recover/hneanz7/
hnew8qr,r9t56g,"CBDCs alone won't do anything to crypto.  They have very few of the powers of crypto.  Some of them might be able to work better offline, as you won't necessarily just need to rely totally on code to make your case.  \n\nUltimately, CBDCs represent fiat.  They can be printed in unlimited amounts, for instance.  I doubt that they will actually attract much attention without some manner of compromise on the part of their architects.",1638760322,t1_hneij7h,/r/xmrtrader/comments/r9t56g/what_will_it_take_for_the_xmrbtc_ratio_to_recover/hnew8qr/
hnfssej,r9t56g,"Probably yes, but it will give people a real good reason to start thinking about the importance of privacy.",1638780296,t1_hneij7h,/r/xmrtrader/comments/r9t56g/what_will_it_take_for_the_xmrbtc_ratio_to_recover/hnfssej/
hnfafh0,r9t56g,CBDC = Central Bank Digital Currency,1638767351,t1_hneye7q,/r/xmrtrader/comments/r9t56g/what_will_it_take_for_the_xmrbtc_ratio_to_recover/hnfafh0/
hneac11,r9t56g,"Just curious, what gave you the idea that ordinary people are valuing their privacy more than the past? Can't say I've noticed what you have..",1638750586,t1_hne9qm9,/r/xmrtrader/comments/r9t56g/what_will_it_take_for_the_xmrbtc_ratio_to_recover/hneac11/
hnecbzb,r9t56g,I don't consider that good news. https://www.reddit.com/r/Monero/comments/oq1brp/thoughts_on_the_drastic_transaction_volume/?utm_medium=android_app&utm_source=share,1638751420,t1_hnearmu,/r/xmrtrader/comments/r9t56g/what_will_it_take_for_the_xmrbtc_ratio_to_recover/hnecbzb/
hnfaamc,r9t56g,"i mean americans dont actually make the world go round.\n\nyes it should be available for the US but also for the rest of the world.... crypto as a whole, be it privacy coin or not should be available to all.",1638767275,t1_hneygf8,/r/xmrtrader/comments/r9t56g/what_will_it_take_for_the_xmrbtc_ratio_to_recover/hnfaamc/
hnfa6oy,r9t56g,i dont believe so.\n\nfrom what i can see on some platforms you can exchange xmr for eth or btc in some exchanges and then you can sell btc for $$$ but unsure anywhere that will just cash in xmr for money.,1638767214,t1_hneyjt1,/r/xmrtrader/comments/r9t56g/what_will_it_take_for_the_xmrbtc_ratio_to_recover/hnfa6oy/
hnfkjr0,r9t56g,Globee for example,1638773796,t1_hneyjt1,/r/xmrtrader/comments/r9t56g/what_will_it_take_for_the_xmrbtc_ratio_to_recover/hnfkjr0/
hnedi2u,r9t56g,The best is Poloniex since it goes back to 2014 https://www.poloniex.com/exchange/BTC_XMR\n\nTake a look at the chart going back to 2014. We are now at a critical support level ~0.004. There is the double top in 2015 and 2016 and the test early in2021. If this holds then it indicates the end of the bear market early this year at ~0.0035.,1638751930,t1_hneanz7,/r/xmrtrader/comments/r9t56g/what_will_it_take_for_the_xmrbtc_ratio_to_recover/hnedi2u/
hnfzv3b,r9t56g,"I believe that CBDCs are going to be a big deal and the reason is simple. Right now if I want to buy or sell XMR, I have to go to Kraken, sell my XMR, send a request for SEPA, wait for 1-3 days for the fiat to arrive to my account and then I can go buy groceries. With a CBDC EUR I will go to Kraken, sell my XMR, transfer to CBDC EUR and within 10 seconds or less I will be able to buy groceries. Similar for the other way around, buying XMR via Kraken is going to take a few minutes vs a few days it takes now. For exchanging via localmonero things are going to be so much faster and with fewer opportunities for cheaters. CBDCs are also probably going to be smart-contractable.\n\nIt is like going from an old horse-and-carriage road to a 3-lane highway. Even if it's more expensive to use (which it probably won't) convenience matters. Hey, USDC is already 80% there, if crypto was used for more than speculation I would bet that merchants would support it much more willingly than, say BTC ot ETH.\n\n* edit: CBDC instead of CDBC",1638786419,t1_hnew8qr,/r/xmrtrader/comments/r9t56g/what_will_it_take_for_the_xmrbtc_ratio_to_recover/hnfzv3b/
hnfhf2t,r9t56g,"I think you are up for a cold awakening, but that's just my opinion",1638771642,t1_hnew8qr,/r/xmrtrader/comments/r9t56g/what_will_it_take_for_the_xmrbtc_ratio_to_recover/hnfhf2t/
hnfu1vu,r9t56g,"So, the same as usdt but .. with more steps?",1638781360,t1_hnew8qr,/r/xmrtrader/comments/r9t56g/what_will_it_take_for_the_xmrbtc_ratio_to_recover/hnfu1vu/
hnfo8n2,r9t56g,"oh. well aren't we already 90% there? digital money is already a thing, and so is digital money printing",1638776572,t1_hnfafh0,/r/xmrtrader/comments/r9t56g/what_will_it_take_for_the_xmrbtc_ratio_to_recover/hnfo8n2/
hnem8e7,r9t56g,"i have to agree. If anything most people care even less about privacy now then ever before.\n\nlook how much info people are just dumping out there into social media, vaccine passports, QR codes everywhere, and just general oversharing of every single life detail.\n\nI think people who always were private have become more private, but the general public have become more and more public and just give their details away basically for free. Which means xmr will stay a very niche option for a small community who will need it more and more, but its growth will be limited.\n\nJust my observations.",1638755806,t1_hneac11,/r/xmrtrader/comments/r9t56g/what_will_it_take_for_the_xmrbtc_ratio_to_recover/hnem8e7/
hnj9eek,r9t56g,At least 39 trillion dollars are sitting in offshores...\nThey seem to value privacy..\nI wonder how they will hide when all their transactions and balances become public or traceable...,1638839561,t1_hneac11,/r/xmrtrader/comments/r9t56g/what_will_it_take_for_the_xmrbtc_ratio_to_recover/hnj9eek/
hneflfq,r9t56g,"The people who did the forensic analysis on the flood attack back then all agree this is not one, this is organic growth",1638752870,t1_hnecbzb,/r/xmrtrader/comments/r9t56g/what_will_it_take_for_the_xmrbtc_ratio_to_recover/hneflfq/
hneg5zf,r9t56g,"The increase we are seeing at the moment doesn't really qualify as a ""drastic"" increase. That is not to say it's impossible for this increase to be a slow build up by a single entity (I don't think anyone has analysed it)",1638753125,t1_hnecbzb,/r/xmrtrader/comments/r9t56g/what_will_it_take_for_the_xmrbtc_ratio_to_recover/hneg5zf/
hnfo5pf,r9t56g,"we're talking of xmr price now, not 30 years from now. and right now americans are not just a large share of crypto investors, they are also a large share of internet content producers that affect mass behaviour",1638776509,t1_hnfaamc,/r/xmrtrader/comments/r9t56g/what_will_it_take_for_the_xmrbtc_ratio_to_recover/hnfo5pf/
hnfoo8e,r9t56g,"oh interesting :) I think that receiving fiat would make things easier for vendors for tax purposes. 2% fee is fine (assuming they use a fair exchange rate), however 10$ minimum is a bit of a problem for people selling digital goods. I have no business but I'll tell my friends. let me know if you know of others",1638776913,t1_hnfkjr0,/r/xmrtrader/comments/r9t56g/what_will_it_take_for_the_xmrbtc_ratio_to_recover/hnfoo8e/
hnefgz0,r9t56g,"Interesting. Nice find thanks, I needed that hopium!",1638752817,t1_hnedi2u,/r/xmrtrader/comments/r9t56g/what_will_it_take_for_the_xmrbtc_ratio_to_recover/hnefgz0/
hngqdfz,r9t56g,You really think the powers that be are going to let you buy monero with their 100% traceable CBDC?,1638802600,t1_hnfzv3b,/r/xmrtrader/comments/r9t56g/what_will_it_take_for_the_xmrbtc_ratio_to_recover/hngqdfz/
hnhkixc,r9t56g,"Yes, money is already digital, but CBDCs are just going to be handled directly by the Central Banks while now there are banks that do the retail part. CBDCs are all about bypassing intermediaries.",1638814718,t1_hnfo8n2,/r/xmrtrader/comments/r9t56g/what_will_it_take_for_the_xmrbtc_ratio_to_recover/hnhkixc/
hnefrhl,r9t56g,Can you provide a source for me on that please? I'd genuinely like to be read about that and be assured..,1638752945,t1_hneflfq,/r/xmrtrader/comments/r9t56g/what_will_it_take_for_the_xmrbtc_ratio_to_recover/hnefrhl/
hnegez1,r9t56g,"The increase could also (hopefully) be a battle from both sides, efforts to flood and protect privacy vs those trying to dismantle it.",1638753237,t1_hneg5zf,/r/xmrtrader/comments/r9t56g/what_will_it_take_for_the_xmrbtc_ratio_to_recover/hnegez1/
hnehni2,r9t56g,The current market reminds me of December 2015. There was a lot of development work done notably the database and the market paid little attention. \n\nThen in 2016 things changed drastically. Of course past performance is no guarantee of future results.\n\nEdit: Some things were different. The market cap was about 0.1% of the current market cap,1638753772,t1_hnefgz0,/r/xmrtrader/comments/r9t56g/what_will_it_take_for_the_xmrbtc_ratio_to_recover/hnehni2/
hngwkdb,r9t56g,"I think they'll let you do it as much as you can do it today with SEPA on localmonero. Which means they'll not be aware of the reason of the transaction, if it's between two individuals.  \nOf course if you get caught this will be a problem in the exact same way as with bank transfers. And we also don't know yet what they prepare, they could totally force people to add the reason for a payment over 1000 euros otherwise the money doesn't go through.. :) I'm not super optimistic for the future of money.",1638805250,t1_hngqdfz,/r/xmrtrader/comments/r9t56g/what_will_it_take_for_the_xmrbtc_ratio_to_recover/hngwkdb/
hnhjxn0,r9t56g,Why wouldn't they? The only real difference is that a transaction is currently going via intermediary banks while CBDCs will go directly via Central Banks. Otherwise just as centrally controlled and tracked. The real limiting factor will be that initially the CBDCs are going to be in very limited supply.,1638814485,t1_hngqdfz,/r/xmrtrader/comments/r9t56g/what_will_it_take_for_the_xmrbtc_ratio_to_recover/hnhjxn0/
hnek65y,r9t56g,https://reddit.com/r/Monero/comments/r8vop4/_/hn84q41/?context=1,1638754890,t1_hnefrhl,/r/xmrtrader/comments/r9t56g/what_will_it_take_for_the_xmrbtc_ratio_to_recover/hnek65y/
hnhy2yg,r9t56g,"Ok I didn't read the full article, but what about this guy's unanswered comment.. https://www.reddit.com/r/Monero/comments/pvm634/fingerprinting_a_flood_forensic_statistical/hefylzd?utm_medium=android_app&utm_source=share&context=3",1638820035,t1_hnek65y,/r/xmrtrader/comments/r9t56g/what_will_it_take_for_the_xmrbtc_ratio_to_recover/hnhy2yg/
hnkp24r,r9t56g,"I think it is best to look at transaction growth using a log chart. Viewing it this way shows very constant growth since 2018. Sure, there are some outliner events such as network upgrades (lower tx) or some events that increased tx amount, such as the miko excitement back a few years ago.",1638868605,t1_hnhy2yg,/r/xmrtrader/comments/r9t56g/what_will_it_take_for_the_xmrbtc_ratio_to_recover/hnkp24r/
hnc129o,r9avb0,"I've been thinking (yes, surprisingly I can do that sometimes) and maybe I'm in the wrong sub here (it is xmr *trader* after all) but the sentiment I get here isn't about profit.\n\nIt's about watching what you feel is a smart investment blossom. Maybe this place will be fucked just like bitcoin if we shot up. I hope not.\n\nThe more you look at bitcoin's failings, the more disappointing the rest of this space is. No doubt it's super manipulated by shady exchanges, built upon the exploitation of newbs who aren't allowed to think for themselves, and super concentrated in groups whose breadcrumbs eventually link to the money printers who lose the most if this ever got off the ground.\n\nEvery flaw bitcoin had, monero improved upon it. It should be the true heir that inherits the fallen king's throne. After all, what does bitcoin have that's truly a plus point? Nothing to me except first mover advantage.\n\nAnd yet all of bitcoin's failings ripple through the market. They (TPTB) found out about bitcoin early on, shattered the community and elected their puppets. I feel like the weird recent ""controversies"" share some similarities to this. The newcomers rally, calling for core contributors to be gone for staying true to their principles.\n\nThey've found out about us too. And this is their way of making us give up on the ideals we hold dear.\n\n""Maybe we can get a few years of freedom.""\n\n[Hold on.](https://www.youtube.com/watch?v=oZaEA3BjdPI)",1638719202,t3_r9avb0,/r/xmrtrader/comments/r9avb0/daily_discussion_sunday_december_5/hnc129o/
hncnn8r,r9avb0,I have good reasons to believe that this has been the exhaustion dump equal to March 2020.\n\nExchange fuckery can go on only for so long. I obviously only have knowledge of how much Monero me and my buddies have been taking out from exchange supply in the last weeks. But that alone gives me a good understanding of how manipulated the market is until it is not.,1638728393,t3_r9avb0,/r/xmrtrader/comments/r9avb0/daily_discussion_sunday_december_5/hncnn8r/
hndfep5,r9avb0,"Every drop to $200 and below is a true gift, smart money knows Monero is going dominate the market of  hard money the world over and are positioned accordingly.",1638738292,t3_r9avb0,/r/xmrtrader/comments/r9avb0/daily_discussion_sunday_december_5/hndfep5/
hnb6rqr,r9avb0,"Based on my own perception the ratio action or rather the lack of it, seems to consist of bots moving the sell&buy wall back and forth in a way that almost none actual trading is done by them. Atleast this is the case on Kraken. The ask wall switches between 0,0042 and 0,0043 while the bid wall is more steady @ 0,004. Interestingly there is an even bigger sell wall at place between 0,009 and 0,01.",1638700458,t3_r9avb0,/r/xmrtrader/comments/r9avb0/daily_discussion_sunday_december_5/hnb6rqr/
hncqlic,r9avb0,XMRBTC fractal completed + indicator exhaustion.,1638729403,t3_r9avb0,/r/xmrtrader/comments/r9avb0/daily_discussion_sunday_december_5/hncqlic/
hncd2kw,r9avb0,"Every other guy now talking of re entering at around $100. My net worth has been reduced by over 60% since Moneros fall from ATH. I may have to become a monk at this point bc itâ€™s clear that I do not like money. \n\nIâ€™m still in the green with XMR. But I was basing the value of my stack on XMRâ€™s ATH, as that to me is the least Iâ€™d sell for... rlly wanna cry now",1638724231,t3_r9avb0,/r/xmrtrader/comments/r9avb0/daily_discussion_sunday_december_5/hncd2kw/
hnaw1r3,r9avb0,https://www.reddit.com/r/xmrtrader/comments/qoj96i/daily_discussion_sunday_november_7/hjned9m?utm_medium=android_app&utm_source=share&context=3\n\n\nI even doubted myself for a minute there.,1638691678,t3_r9avb0,/r/xmrtrader/comments/r9avb0/daily_discussion_sunday_december_5/hnaw1r3/
hnd1967,r9avb0,"[Binance aims to become registered crypto firm in the U.K](https://ambcrypto.com/despite-regulatory-woes-binance-aims-to-become-registered-crypto-firm-in-the-u-k/) - does this mean that they will delist xmr in the u.k? \n\nIf not, what is the difference to Kraken u.k?",1638733240,t3_r9avb0,/r/xmrtrader/comments/r9avb0/daily_discussion_sunday_december_5/hnd1967/
hncavl6,r9avb0,Why would any non criminal use tornado cash?  it looks so shady to pull money out of it and sending it to coinbase after watching criminals pump millions of dollars into it.,1638723338,t3_r9avb0,/r/xmrtrader/comments/r9avb0/daily_discussion_sunday_december_5/hncavl6/
hnfjuhz,r9avb0,The revolution will not be advertised.,1638773294,t3_r9avb0,/r/xmrtrader/comments/r9avb0/daily_discussion_sunday_december_5/hnfjuhz/
hnc7k95,r9avb0,"A horizontal bar, known as the limbo bar, is supported by two vertical bars. All contestants must attempt to go under the bar with their backs facing toward the floor. When passing under the bar, players must bend backwards. No part of their body is allowed to touch the bar, and no part other than their feet may touch the ground. They must not turn their head or neck to the side. Whoever knocks the bar off or falls is eliminated. After everyone has passed under the bar in this manner, the bar is lowered slightly and the contest continues. The contest ends when only one person can pass under the bar.\n\nThe word 'limbo' dates back to the 1950s. It is conjectured that limbo is a West Indian English derivative of 'limber'. Merriamâ€“Webster lists the etymology as ""English of Trinidad & Barbados; akin to Jamaican English limba to bend, from English limber"".\n\nâ€”â€”â€”\n\nThe market is a game of limbo, only those who can bend skillfully as the bar is lowered get the glory of coming out the other side.\n\nGive me the lowest bar and Iâ€™ll go under it and dance while doing it.",1638721956,t3_r9avb0,/r/xmrtrader/comments/r9avb0/daily_discussion_sunday_december_5/hnc7k95/
hnaw2jn,r9avb0,Monero Price | $202.00 USD\n:--|:--\nMonero Price Change | +4.32%\nMonero Mktcap | $3.664 B\n\n*****\n\n^\(ã£â—”â—¡â—”)ã£ ^â™¡ ^| [^(I'm a bot)](https://www.reddit.com/r/moneronotificatio/wiki/index) ^| [^(Contact my owner)](https://www.reddit.com/message/compose/?to=OsrsNeedsF2P) ^| [^(Sign up to LocalMonero!)](https://localmonero.co/?utm_source=reddit&utm_medium=osrs-reddit-bot&utm_campaign=initial-run),1638691694,t3_r9avb0,/r/xmrtrader/comments/r9avb0/daily_discussion_sunday_december_5/hnaw2jn/
hnckbnp,r9avb0,#6,1638727184,t3_r9avb0,/r/xmrtrader/comments/r9avb0/daily_discussion_sunday_december_5/hnckbnp/
hnbse4m,r9avb0,"I missed completely this dip, to sell or not to sell now ?",1638715178,t3_r9avb0,/r/xmrtrader/comments/r9avb0/daily_discussion_sunday_december_5/hnbse4m/
hnb64z6,r9avb0,"Not sure what to make of the crypto markets right now. \n\nIt's like watching NCAP car tests in slow motion, only it's your bags instead of the test dummy at the wheel.\n\nRatio looks like going to be rekt times two. Seems super manipulated, every green candle has a corresponding red one. The patterns we were used to seeing are non-existent in the ratio chart, with movement appearing to be completely random. Only constant is the direction: persistent downwards.\n\nMove to BTC and ride out the ratio storm, or exit to (real) fiat and stalk BTC's bottom in the next few years?",1638699929,t3_r9avb0,/r/xmrtrader/comments/r9avb0/daily_discussion_sunday_december_5/hnb64z6/
hncbul7,r9avb0,">The more you look at bitcoin's failings, the more disappointing the rest of this space is.\n\nMost other coin communities are like that ""Gimme da cash!!"" thief from The Fifth Element.\n\nMonero traders are _class_. Like Berlin from Money Heist. Pure class and dignity above profits.",1638723731,t1_hnc129o,/r/xmrtrader/comments/r9avb0/daily_discussion_sunday_december_5/hncbul7/
hndlqd4,r9avb0,"Gift? If you have the money to DCA, and 5 - 10 more years to throw at it, then it's great. \n\nFor me (and I think few more guys here), these prices are a hard punch in the gut. This year I've stopped my DCA because money is scarce. Every single commodity went up in price except my wage and other incomes, so I turned to trading as a source of increasing my crypto stash, because it costs me nothing (other than time and nerves). \n\nFrom my perspective, every ratio drop that I don't properly trade is an irreversible financial loss, and all these negative thoughts begin swarming in my mind. Won't bore you with them, as I've said it all thousand times over.",1638740664,t1_hndfep5,/r/xmrtrader/comments/r9avb0/daily_discussion_sunday_december_5/hndlqd4/
hndtpjl,r9avb0,Right.. got it,1638743755,t1_hncqlic,/r/xmrtrader/comments/r9avb0/daily_discussion_sunday_december_5/hndtpjl/
hnceljv,r9avb0,"It's normal we have this bearish predictions after such a crash, same goes when we have green dildos and everyone gets too bullish",1638724840,t1_hncd2kw,/r/xmrtrader/comments/r9avb0/daily_discussion_sunday_december_5/hnceljv/
hnch8ud,r9avb0,dollars are fake. real value is actually participating in the economy. Speculation is supposed to be fun side hobby not your whole life.,1638725882,t1_hncd2kw,/r/xmrtrader/comments/r9avb0/daily_discussion_sunday_december_5/hnch8ud/
hncg4x0,r9avb0,"If there's a lesson that the 2018-2020 bear showed us, it's that 99.9% of ""old"" alts have become umbilically coupled to Bitcoin, and everyone is completely ignorant of fundamental properties. \n\nNow, with Bitcoin being taken over by TPTB and it's on-chain transactions being replaced by custodial solutions, it is reasonable to expect that altcoins older than last bull cycle will keep losing on the ratio regardless of what Bitcoin does. That's how the cards are dealt.\n\nOnly way for them to go over their ratio ATH, I think, is for Bitcoin to be completely destroyed, or for some ""miracle"" event to prop up your specific ancient altcoin into the stratosphere. Since Bitcoin is far from completely falling apart, and waiting for Monero or whatever OG coin you're holding to go up is pure lottery, the only safe and logical solution is to keep your crypto holdings 100% in Bitcoin.\n\nI'm still hopeful that some miracle would happen, and I'm still holding my XMR (almost recovered since my early 2021 meltdown trade losses). But the reasonable and logical part of my mind is telling me that I and everyone on this sub had been grandiosely played, and that Monero isn't going to see 0.035 BTC ever again in history.",1638725442,t1_hncd2kw,/r/xmrtrader/comments/r9avb0/daily_discussion_sunday_december_5/hncg4x0/
hnayooq,r9avb0,XMR will probably hit $100 when crypto has a major correction in the coming months. I'm stacking stablecoins.,1638693753,t1_hnaw1r3,/r/xmrtrader/comments/r9avb0/daily_discussion_sunday_december_5/hnayooq/
hnbgju0,r9avb0,"this dump is not over yet, in my opinion. im ready for $150ish, maybe even $140 :)",1638708242,t1_hnaw1r3,/r/xmrtrader/comments/r9avb0/daily_discussion_sunday_december_5/hnbgju0/
hnd9wuy,r9avb0,I dont think there is any reason why they should not offer Monero to UK users.\n\nhttps://twitter.com/JEhrenhofer/status/1464240109461643275,1638736276,t1_hnd1967,/r/xmrtrader/comments/r9avb0/daily_discussion_sunday_december_5/hnd9wuy/
hnd1xrj,r9avb0,likely to happen if they move to the uk imo,1638733467,t1_hnd1967,/r/xmrtrader/comments/r9avb0/daily_discussion_sunday_december_5/hnd1xrj/
hncbvze,r9avb0,Whatâ€™s this tornado crap something about Eth?,1638723748,t1_hncavl6,/r/xmrtrader/comments/r9avb0/daily_discussion_sunday_december_5/hncbvze/
hngtqvc,r9avb0,"Just been browsing a few crypto YouTube channels. The amount of commentators saying how Bitcoin is the ""only chance for financial freedom"" and ""If Bitcoin fails crypto fails"" is quite incredible.\n\nThey have no idea it's already been taken over.",1638804076,t1_hnfjuhz,/r/xmrtrader/comments/r9avb0/daily_discussion_sunday_december_5/hngtqvc/
hncbh11,r9avb0,"It's funny how new meanings take over old ones. \n\nLimbo was always an oblivion to me, a part of hell that takes away your connection to other people and their memories of you, leaving you in solitary until you lose everything that makes you a unique personality.\n\nWhen I had first heard about ""limbo dance"", I thought, hey, they took that word and repurposed it.",1638723579,t1_hnc7k95,/r/xmrtrader/comments/r9avb0/daily_discussion_sunday_december_5/hncbh11/
hne9rhu,r9avb0,"hey bot, are you typo or something? xD",1638750339,t1_hnaw2jn,/r/xmrtrader/comments/r9avb0/daily_discussion_sunday_december_5/hne9rhu/
hncm99z,r9avb0,1!,1638727875,t1_hnckbnp,/r/xmrtrader/comments/r9avb0/daily_discussion_sunday_december_5/hncm99z/
hndmwzt,r9avb0,"What's so special about December 10th? \n\nWill the counter go below zero, or rollover to 4,294,967,296?",1638741114,t1_hnckbnp,/r/xmrtrader/comments/r9avb0/daily_discussion_sunday_december_5/hndmwzt/
hnc7r7w,r9avb0,I'm not selling. Do as you wish but now is the time to buy.,1638722040,t1_hnbse4m,/r/xmrtrader/comments/r9avb0/daily_discussion_sunday_december_5/hnc7r7w/
hncc0jl,r9avb0,"We can go lower but who knows, personally I think we can go back to $180 again and then a possible reversal, keep in mind that sentiment after this kind of crash is ofc bearsish, do what you think it's best for you, personally I'm not selling I'm dca-ing here, but I 3x-ed my xmr holdings since may crash, some of it was lucky shitcoin flips and some of it was with dca-ing as well",1638723800,t1_hnbse4m,/r/xmrtrader/comments/r9avb0/daily_discussion_sunday_december_5/hncc0jl/
hnbuzny,r9avb0,"selling now means realising your losses, if you made any. are you a maniac? in my opinion it would be wise, to buy this dip or have a little cash aside to buy maybe even lower in a few days (which i think is likely to happen) :)",1638716453,t1_hnbse4m,/r/xmrtrader/comments/r9avb0/daily_discussion_sunday_december_5/hnbuzny/
hnby5f4,r9avb0,"Sell half. \n\nIf XMR dumps you can buy lower and make profits. If XMR goes up (less probable) you still have your other half of Monero, and buy some other thing with the first half.",1638717947,t1_hnbse4m,/r/xmrtrader/comments/r9avb0/daily_discussion_sunday_december_5/hnby5f4/
hnbdoku,r9avb0,Delete your acc rattie then we'll pump,1638706091,t1_hnb64z6,/r/xmrtrader/comments/r9avb0/daily_discussion_sunday_december_5/hnbdoku/
hnb6pfr,r9avb0,Louis Navellier talked shit about BTC. That's what happened. It was at ath a few weeks ago...a correction was inevitable.,1638700404,t1_hnb64z6,/r/xmrtrader/comments/r9avb0/daily_discussion_sunday_december_5/hnb6pfr/
hndoocp,r9avb0,I canâ€™t say the same for myself. \n\nIâ€™m very satisfied with my punctual entry and rock solid patience has made for a smooth ride over the years.,1638741785,t1_hndlqd4,/r/xmrtrader/comments/r9avb0/daily_discussion_sunday_december_5/hndoocp/
hndwaii,r9avb0,This sub can't go 24 hours without going full  bull when looking at a couple greenies.  You even know the full retrace is hours away and they still do it... and people call me annoying.,1638744784,t1_hnceljv,/r/xmrtrader/comments/r9avb0/daily_discussion_sunday_december_5/hndwaii/
hnchrec,r9avb0,"That better not be directed at me, you have no idea how I accumulated my xmr ... ;)",1638726089,t1_hnch8ud,/r/xmrtrader/comments/r9avb0/daily_discussion_sunday_december_5/hnchrec/
hnb3zgf,r9avb0,Plot twist: major correction will be caused by stablecoins collapse :D,1638698166,t1_hnayooq,/r/xmrtrader/comments/r9avb0/daily_discussion_sunday_december_5/hnb3zgf/
hnbdxle,r9avb0,"$100 would be beautiful entry, not sure if it will happen, anyway we always have this bearish predictions after every correction so whatever",1638706289,t1_hnayooq,/r/xmrtrader/comments/r9avb0/daily_discussion_sunday_december_5/hnbdxle/
hndhhgg,r9avb0,"There obviously is a reason. If not then kraken would still list xmr.\n\n It seems that they can list xmr in the uk by law, but the government is strongly lobbying to delist.",1638739047,t1_hnd9wuy,/r/xmrtrader/comments/r9avb0/daily_discussion_sunday_december_5/hndhhgg/
hndxyk7,r9avb0,Great find,1638745455,t1_hnd9wuy,/r/xmrtrader/comments/r9avb0/daily_discussion_sunday_december_5/hndxyk7/
hnd6xus,r9avb0,Will just be another branching out as usual. No one gives up a global pool for a regional one,1638735204,t1_hnd1xrj,/r/xmrtrader/comments/r9avb0/daily_discussion_sunday_december_5/hnd6xus/
hnd74sd,r9avb0,"Just had a quick search. Seems they want a separate UK ""arm"", so presumably similar setup to [Binance.us](https://Binance.us)...?\n\nWill be interesting how that goes, esp. considering their main business is completely unregulated.",1638735271,t1_hnd1xrj,/r/xmrtrader/comments/r9avb0/daily_discussion_sunday_december_5/hnd74sd/
hnci8fy,r9avb0,man I wish I had the skills to build a decentralized exchange with XMR & ETH. \n\nThere is demand for this. \n\nNon criminals would have a better chance at anonymizing  ETH withe the XMR anon layer without being forced to be associated with crooks.,1638726282,t1_hncbvze,/r/xmrtrader/comments/r9avb0/daily_discussion_sunday_december_5/hnci8fy/
hnchxaz,r9avb0,[Here](https://beincrypto.com/bitmart-hacked-losses-estimated-at-196m/) is one article about the hack.\n\n>Tornado Cash was developed from open-source research by the Zcash team.\n\nI wonder if the cex can identify tornado's output and then blacklist it,1638726153,t1_hncbvze,/r/xmrtrader/comments/r9avb0/daily_discussion_sunday_december_5/hnchxaz/
hnfohbo,r9avb0,Nah rattie. The limbo dance is pretty old. Not newly repurposed. As in I am ware of it for like 50 years,1638776761,t1_hncbh11,/r/xmrtrader/comments/r9avb0/daily_discussion_sunday_december_5/hnfohbo/
hnbwbi6,r9avb0,Well as a trading sub I donâ€™t see how I am a maniac if I wonder if I sell when the Chandelier exit sell 3D is about to be triggered. Try not to be so juvenile in this sub please or go jerking around in CC. Yeah I am here for a long time and have gains,1638717094,t1_hnbuzny,/r/xmrtrader/comments/r9avb0/daily_discussion_sunday_december_5/hnbwbi6/
hnc3awj,r9avb0,"Thanks for this rattie.  I woke up this morning and checked the price and thought to myself, ""WTF would Rattle do here?"". We are all so grateful for your analysis, despite your semi-annual mental meltdowns.",1638720148,t1_hnby5f4,/r/xmrtrader/comments/r9avb0/daily_discussion_sunday_december_5/hnc3awj/
hnbdwrv,r9avb0,Who? I was under the impression it was MT Gox coins hitting market after 7 years..,1638706271,t1_hnb6pfr,/r/xmrtrader/comments/r9avb0/daily_discussion_sunday_december_5/hnbdwrv/
hnb5ztz,r9avb0,"We could only hope.  What will we base our value on if the dollar collapses? ...1 XMR = 7grams of gold, or 100 gallons of milk or 5 barrels of oil?....I can't wait....lol",1638699804,t1_hnb3zgf,/r/xmrtrader/comments/r9avb0/daily_discussion_sunday_december_5/hnb5ztz/
hncik28,r9avb0,Thatâ€™s actually not a crazy prediction lol. Stablecoins sus,1638726495,t1_hnb3zgf,/r/xmrtrader/comments/r9avb0/daily_discussion_sunday_december_5/hncik28/
hndy4rs,r9avb0,But the â€œgovernmentâ€ has just confirmed that they havenâ€™t said anything about xmr; and I mean they havenâ€™t lol. Kraken making bullshit up. \n\nI remember someone saying in here a couple months ago that he will be the last person to delist xmr.. loool nothing is certain,1638745524,t1_hndhhgg,/r/xmrtrader/comments/r9avb0/daily_discussion_sunday_december_5/hndy4rs/
hncjpw3,r9avb0,> build a decentralized exchange with XMR & ETH\n\nThat's the goal and biggest hurdle with ethxmr atomic swap.,1638726964,t1_hnci8fy,/r/xmrtrader/comments/r9avb0/daily_discussion_sunday_december_5/hncjpw3/
hndqvj6,r9avb0,That's exactly what they're going to do.,1638742627,t1_hnchxaz,/r/xmrtrader/comments/r9avb0/daily_discussion_sunday_december_5/hndqvj6/
hnby4rr,r9avb0,"hey man, you can do whatever you want to do, sell, i dont care. but selling after a 20% dip is in my opinion just stupid. calling you a ""maniac"" was just funny from my side, please dont take it as a insult :)\n\npeople like you buying shiba at ATH, sell after a 30% percent loss and fomo in after a 100% rise in price again, thats a perfect recipe for losing money. thats all i wanted to say, no offense :)",1638717939,t1_hnbwbi6,/r/xmrtrader/comments/r9avb0/daily_discussion_sunday_december_5/hnby4rr/
hnbe2ep,r9avb0,"https://www.forbes.com/sites/billybambrough/2021/12/03/300-billion-bitcoin-and-crypto-price-crash-after-stark-fed-warning-ethereum-bnb-solana-cardano-and-xrp-in-free-fall/\n\n\n\n\nThe bitcoin price dropped to around $51,000 per bitcoin after trading around $69,000 just weeks agoâ€”a fall of almost 30%. The latest move lower has seen other major cryptocurrencies, including ethereum, Binance's BNB, solana, cardano and Ripple's XRP, each lose almost 10% in just 24 hours\nThe sudden bitcoin and crypto sell-off, coming alongside some serious stock market declines, follows a warnings made by famed investor Louis Navellier that widely-expected Federal Reserve ""tapering"" could burst the bitcoin and crypto bubble.",1638706395,t1_hnbdwrv,/r/xmrtrader/comments/r9avb0/daily_discussion_sunday_december_5/hnbe2ep/
hnb6wsm,r9avb0,I was talking about USDT and the likes of it.,1638700574,t1_hnb5ztz,/r/xmrtrader/comments/r9avb0/daily_discussion_sunday_december_5/hnb6wsm/
hneign6,r9avb0,"I investigated this before.\n\nThere is no â€œlawâ€ in the UK prohibiting Monero, however the panel that determine money laundering risks have specifically noted that privacy coins, ring signatures (and basically a list of Moneroâ€™s features) are things they â€œrecommendâ€ avoiding.\n\nItâ€™s basically a way of making up whatever rules they want without having to have them made into formal laws.",1638754129,t1_hndy4rs,/r/xmrtrader/comments/r9avb0/daily_discussion_sunday_december_5/hneign6/
hnbyz61,r9avb0,Hmmm i love your assumption of me buying shiba lolâ€¦,1638718314,t1_hnby4rr,/r/xmrtrader/comments/r9avb0/daily_discussion_sunday_december_5/hnbyz61/
hnb76e1,r9avb0,I understand but I assume that the only reason stable coins would collapse would be because the underlying asset collapses. ie the dollar..... At least that's the theory right?,1638700795,t1_hnb6wsm,/r/xmrtrader/comments/r9avb0/daily_discussion_sunday_december_5/hnb76e1/
hnfncrh,r9avb0,Its likely the banks threatening fiat ramps. Same shit here in Australia. Legal but banks make their on laws. The sooner we get out of fiat the better,1638775888,t1_hneign6,/r/xmrtrader/comments/r9avb0/daily_discussion_sunday_december_5/hnfncrh/
hnc0kbn,r9avb0,"it was again no insult :D i hope you understand what i mean by that, i just dont want you to lose money :) if you have asked that question a few days ago at $250 i would have told you, that selling is maybe not a bad idea, im pretty bearish on the markets right now and wait for a good entry",1638718991,t1_hnbyz61,/r/xmrtrader/comments/r9avb0/daily_discussion_sunday_december_5/hnc0kbn/
hnb7i31,r9avb0,"The theory is that USDT is backed by some shit-tier ""cash equivalents and commercial paper"" and it's only a matter of time.",1638701065,t1_hnb76e1,/r/xmrtrader/comments/r9avb0/daily_discussion_sunday_december_5/hnb7i31/
hnb7jip,r9avb0,USDT may be backed by China commercial papers.,1638701099,t1_hnb76e1,/r/xmrtrader/comments/r9avb0/daily_discussion_sunday_december_5/hnb7jip/
hnc8ljt,r9avb0,Are you my ex ? WÃ©ve got so many communication problems ðŸ¤£,1638722396,t1_hnc0kbn,/r/xmrtrader/comments/r9avb0/daily_discussion_sunday_december_5/hnc8ljt/
hnb7y9g,r9avb0,"Wow, I just looked into and you are correct. As usual. I guess I don't stay up to date on most things not Monero..... While we're on the subject...do you know what commercial paper they are backed by? and why do you say it's only a matter of time? if you don't mind",1638701438,t1_hnb7i31,/r/xmrtrader/comments/r9avb0/daily_discussion_sunday_december_5/hnb7y9g/
hncch12,r9avb0,Loool,1638723986,t1_hnc8ljt,/r/xmrtrader/comments/r9avb0/daily_discussion_sunday_december_5/hncch12/
hnb8qem,r9avb0,It's speculated that these are Evergrande's shares and other Chinese papers. It's only a matter of time until stock market crashes or Evergrande collapses and then Tether's backing will be worthless. All that will be left to do is for some crypto shorter whales to announce it with proofs and spread the news.,1638702066,t1_hnb7y9g,/r/xmrtrader/comments/r9avb0/daily_discussion_sunday_december_5/hnb8qem/
hnb9cdm,r9avb0,I would assume they would sell off the questionable commercial paper at a discount if necessary and purchase reliable commercial paper before it crashed.....I mean if anyone with half a brain is in charge. But I've done a little reading up on Tether..... And it doesn't seem like anyone with half a brain is in charge there.,1638702558,t1_hnb8qem,/r/xmrtrader/comments/r9avb0/daily_discussion_sunday_december_5/hnb9cdm/
hnb9ldb,r9avb0,"Anyways sech1...if you don't mind, how are your gut feelings about where Monero is tech wise ATM? and is there anything that you would improve upon that is not being undertaken currently? If you would like someone to help rally people to anything etc, I will.",1638702770,t1_hnb8qem,/r/xmrtrader/comments/r9avb0/daily_discussion_sunday_december_5/hnb9ldb/
hnbv7rk,r9avb0,"Don't assume they're incompetent. They've been completely successful at duping people into sending them real USD in exchange for their fake USD tokens, and pocketing the revenue. They're not even trying to be viable.",1638716563,t1_hnb9cdm,/r/xmrtrader/comments/r9avb0/daily_discussion_sunday_december_5/hnbv7rk/
hnfsokv,r9avb0,>Back\n\nI read some detail on the 'audit' that took place some months ago. Looks like a lot of the 'commercial' papers are loans to entities in the same ecosystem. Which is a definite worry now and was then. I see if I can find it and post a link,1638780205,t1_hnb9cdm,/r/xmrtrader/comments/r9avb0/daily_discussion_sunday_december_5/hnfsokv/
hnberye,r9avb0,"Tech wise, things that are desired and technically possible (but require a hard fork):\n\n\- Significant increase of the ring size (currently Seraphis protocol is the best candidate and is being worked on).\n\n\- Removal of the 10-block spend lock of received funds  (theoretically possible, it will also enable  transaction chaining, but a lot of things need to be figured out first to make it work without harming privacy)",1638706945,t1_hnb9ldb,/r/xmrtrader/comments/r9avb0/daily_discussion_sunday_december_5/hnberye/
hnbwe2v,r9avb0,"Hello Mr. Chu,\n\n    I wouldn't say they were incompetent. Upon further reflection I'd say if Tether crashed it would most likely be due to an exit scam of some sort perpetrated by those with the access and capability to do so. If they didn't intend to crash then I don't believe it would happen. I've also noticed how they've been fined and forbidden to do business in New York state. That's no small problem. I also find it interesting how they were able to convince people, myself included, for so long that it was actually backed by the US dollar when in fact it's not. To be honest I never quite looked into it.",1638717129,t1_hnbv7rk,/r/xmrtrader/comments/r9avb0/daily_discussion_sunday_december_5/hnbwe2v/
hnft7vo,r9avb0,Here is one but the 'commercial' papers origin are unspecified. There as another which had more details. Still looking\n\n&#x200B;\n\nhttps://www.coindesk.com/markets/2021/05/13/tethers-first-reserve-breakdown-shows-token-49-backed-by-unspecified-commercial-paper/,1638780658,t1_hnfsokv,/r/xmrtrader/comments/r9avb0/daily_discussion_sunday_december_5/hnft7vo/
hnft8qv,r9avb0,I came to the same conclusion. It's not good business practice to do so and any viable company that intends on staying in the black would diversify thier commercial paper. The Crypto atmosphere is something else than I'm used to. Any public corporation with shareholders would never dare behave so negligently. It's quite the odd feeling to discuss such. In traditional markets this type of thing wouldn't even be on the playing field.\n\n\nEdit:\nhttps://www.bloomberg.com/news/features/2021-10-07/crypto-mystery-where-s-the-69-billion-backing-the-stablecoin-tether\n\nFascinating,1638780679,t1_hnfsokv,/r/xmrtrader/comments/r9avb0/daily_discussion_sunday_december_5/hnft8qv/
hnbfh0x,r9avb0,"Thanks man, I talked with Sarang a month or so ago and he mentioned the ring size issue as well. Then he talked about a bunch of other things that I did not understand, but it was good to talk to him. Can you expound on why there is a 10 block spend lock? I have an idea but you are the pro here. If you have time, I'd appreciate it.",1638707466,t1_hnberye,/r/xmrtrader/comments/r9avb0/daily_discussion_sunday_december_5/hnbfh0x/
hnbl9q5,r9avb0,"In two words, it's because transactions refernce their ring members by offsets. If there's a reorg, these offsets change and make most transactions in reorganized blocks invalid. This is why there's a 10 block limit - transactions always use ring members 10 blocks or older to avoid this problem. It's possible to reference other transactions by hashes, not offsets and then there's not reason to have 10 block limit.",1638711294,t1_hnbfh0x,/r/xmrtrader/comments/r9avb0/daily_discussion_sunday_december_5/hnbl9q5/
hnbllzw,r9avb0,"I c, thanks man",1638711495,t1_hnbl9q5,/r/xmrtrader/comments/r9avb0/daily_discussion_sunday_december_5/hnbllzw/
